Workbook

Sheet 증산량(ETc,침ETc)
A1: 날짜 | B1: Treatment | C1: Repeat | D1: 무게(g) | E1: 증산량(g)
A2: 2026-10-07 | B2: ETc | C2: 1 | D2: 902.9
A3: 2026-10-07 | B3: ETc | C3: 2 | D3: 954.5
A4: 2026-10-07 | B4: ETc | C4: 3 | D4: 891.7
A5: 2026-10-08 | B5: ETc | C5: 1 | D5: 822.2 | E5: =D2-D5 -> 80.7
A6: 2026-10-08 | B6: ETc | C6: 2 | D6: 886.8 | E6: =D3-D6 -> 67.7
A7: 2026-10-08 | B7: ETc | C7: 3 | D7: 806.4 | E7: =D4-D7 -> 85.3
A8: 2026-10-09 | B8: ETc | C8: 1 | D8: 794.6 | E8: =D5-D8 -> 27.6
A9: 2026-10-09 | B9: ETc | C9: 2 | D9: 869.4 | E9: =D6-D9 -> 17.4
A10: 2026-10-09 | B10: ETc | C10: 3 | D10: 777.2 | E10: =D7-D10 -> 29.2
A11: 2026-10-10 | B11: ETc | C11: 1 | D11: 777.3 | E11: =D8-D11 -> 17.3
A12: 2026-10-10 | B12: ETc | C12: 2 | D12: 869.6 | E12: =D9-D12 -> -0.2
A13: 2026-10-10 | B13: ETc | C13: 3 | D13: 755.6 | E13: =D10-D13 -> 21.6
A14: 2026-10-10 | B14: 침수 ETc | C14: 1 | D14: 1272.2
A15: 2026-10-10 | B15: 침수 ETc | C15: 2 | D15: 1215.2
A16: 2026-10-10 | B16: 침수 ETc | C16: 3 | D16: 1204.8

Sheet 로드셀관수량(ETc)
A1: 날짜 | B1: Treatment | C1: 관수 전(kg) | D1: 관수 후(kg) | E1: 추가관수 전(kg) | F1: 추가관수 후(kg) | G1: 로드셀관수량(g) | H1: 평균관수량(g)
A2: 2026-10-09 | B2: ETc | C2: 5.565 | D2: 5.835 | E2: 0 | F2: 0 | G2: =(D2-C2)*1000 -> 270 | H2: =G2/4 -> 67.5
A3: 2026-10-10 | B3: ETc | C3: 5.422 | D3: 5.544 | E3: 5.447 | F3: 5.72 | G3: =(D3-C3+F3-E3)*1000 -> 395 | H3: =G3/4 -> 98.75
A4: 2026-10-11 | B4: ETc | C4: 5.189 | D4: 5.748 | E4: 0 | F4: 0 | G4: =(D4-C4+F4-E4)*1000 -> 559 | H4: =G4/4 -> 139.75

Sheet 관수량 비교
A1: 날짜 | B1: Treatment | C1: 목표관수량(g) | D1: 관수 시간(s) | E1: 평균관수량(g) | F1: 관수량 차이
A2: 2026-10-08 | B2: ETc | C2: =AVERAGE('증산량(ETc,침ETc)'!E5:E7) -> 77.9 | D2: =C2/0.56 -> 139.10714 | E2: ='로드셀관수량(ETc)'!H2 -> 67.5 | F2: =E2-C2 -> -10.4
A3: 2026-10-09 | B3: ETc | C3: {=AVERAGE('증산량(ETc,침ETc)'!E8:E10+E2)} -> 92.233333 | D3: =C3/0.56 -> 164.70238 | E3: ='로드셀관수량(ETc)'!H3 -> 98.75 | F3: =E3-C3 -> 6.5166667
A4: 2026-10-10 | B4: ETc | C4: {=AVERAGE('증산량(ETc,침ETc)'!E11:E13+E3)} -> 111.65 | D4: =C4/0.56 -> 199.375 | E4: ='로드셀관수량(ETc)'!H4 -> 139.75 | F4: =E4-C4 -> 28.1
